timestamp,epoch,batch,loss
2025-08-01 14:35:43,1,100,1.0094
2025-08-01 14:35:51,1,200,0.7571
2025-08-01 14:35:59,1,300,0.3862
2025-08-01 14:36:07,1,400,0.3743
2025-08-01 14:36:15,1,500,0.349
2025-08-01 14:36:23,1,600,0.3436
2025-08-01 14:36:31,1,700,0.3408
2025-08-01 14:36:39,1,800,0.3358
2025-08-01 14:36:46,1,900,0.3335
2025-08-01 14:36:54,1,1000,0.3319
2025-08-01 14:37:02,1,1100,0.3296
2025-08-01 14:37:10,1,1200,0.3273
2025-08-01 14:37:18,1,1300,0.3264
2025-08-01 14:37:26,1,1400,0.325
2025-08-01 14:37:34,1,1500,0.3264
2025-08-01 14:37:42,1,1600,0.3266
2025-08-01 14:37:50,1,1700,0.324
2025-08-01 14:37:58,1,1800,0.3227
2025-08-01 14:38:06,1,1900,0.3224
2025-08-01 14:38:13,1,2000,0.3201
2025-08-01 14:38:21,1,2100,0.3207
2025-08-01 14:38:29,1,2200,0.3183
2025-08-01 14:38:37,1,2300,0.3171
2025-08-01 14:38:45,1,2400,0.318
2025-08-01 14:38:53,1,2500,0.3164
2025-08-01 14:39:01,2,100,0.3152
2025-08-01 14:39:09,2,200,0.3145
2025-08-01 14:39:17,2,300,0.3127
2025-08-01 14:39:25,2,400,0.3094
2025-08-01 14:39:33,2,500,0.3081
2025-08-01 14:39:41,2,600,0.3119
2025-08-01 14:39:49,2,700,0.3127
2025-08-01 14:39:57,2,800,0.3109
2025-08-01 14:40:05,2,900,0.3093
2025-08-01 14:40:12,2,1000,0.3094
2025-08-01 14:40:20,2,1100,0.3067
2025-08-01 14:40:28,2,1200,0.307
2025-08-01 14:40:36,2,1300,0.306
2025-08-01 14:40:44,2,1400,0.3054
2025-08-01 14:40:52,2,1500,0.3034
2025-08-01 14:41:00,2,1600,0.3031
2025-08-01 14:41:08,2,1700,0.3029
2025-08-01 14:41:16,2,1800,0.3008
2025-08-01 14:41:24,2,1900,0.2993
2025-08-01 14:41:32,2,2000,0.2987
2025-08-01 14:41:40,2,2100,0.2991
2025-08-01 14:41:48,2,2200,0.2991
2025-08-01 14:41:56,2,2300,0.2971
2025-08-01 14:42:04,2,2400,0.2961
2025-08-01 14:42:11,2,2500,0.2952
2025-08-01 14:42:20,3,100,0.2932
2025-08-01 14:42:27,3,200,0.2921
2025-08-01 14:42:35,3,300,0.292
2025-08-01 14:42:43,3,400,0.2901
2025-08-01 14:42:51,3,500,0.2875
2025-08-01 14:42:59,3,600,0.2859
2025-08-01 14:43:07,3,700,0.285
2025-08-01 14:43:15,3,800,0.2817
2025-08-01 14:43:23,3,900,0.2785
2025-08-01 14:43:31,3,1000,0.28
2025-08-01 14:43:39,3,1100,0.2794
2025-08-01 14:43:47,3,1200,0.2783
2025-08-01 14:43:55,3,1300,0.2787
2025-08-01 14:44:03,3,1400,0.278
2025-08-01 14:44:11,3,1500,0.2772
2025-08-01 14:44:19,3,1600,0.2764
2025-08-01 14:44:26,3,1700,0.2766
2025-08-01 14:44:34,3,1800,0.2758
2025-08-01 14:44:42,3,1900,0.2763
2025-08-01 14:44:50,3,2000,0.2754
2025-08-01 14:44:58,3,2100,0.2761
2025-08-01 14:45:06,3,2200,0.2759
2025-08-01 14:45:14,3,2300,0.2754
2025-08-01 14:45:22,3,2400,0.2737
2025-08-01 14:45:30,3,2500,0.2729
2025-08-01 14:45:38,4,100,0.2739
2025-08-01 14:45:46,4,200,0.273
2025-08-01 14:45:54,4,300,0.2735
2025-08-01 14:46:02,4,400,0.2726
2025-08-01 14:46:10,4,500,0.2726
2025-08-01 14:46:18,4,600,0.2726
2025-08-01 14:46:26,4,700,0.2697
2025-08-01 14:46:34,4,800,0.2718
2025-08-01 14:46:41,4,900,0.2703
2025-08-01 14:46:49,4,1000,0.271
2025-08-01 14:46:57,4,1100,0.2712
2025-08-01 14:47:05,4,1200,0.271
2025-08-01 14:47:13,4,1300,0.2691
2025-08-01 14:47:21,4,1400,0.2692
2025-08-01 14:47:29,4,1500,0.2684
2025-08-01 14:47:37,4,1600,0.2673
2025-08-01 14:47:45,4,1700,0.2682
2025-08-01 14:47:53,4,1800,0.2678
2025-08-01 14:48:01,4,1900,0.2666
2025-08-01 14:48:09,4,2000,0.2658
2025-08-01 14:48:17,4,2100,0.2659
2025-08-01 14:48:25,4,2200,0.2642
2025-08-01 14:48:33,4,2300,0.2636
2025-08-01 14:48:41,4,2400,0.2627
2025-08-01 14:48:49,4,2500,0.2624
2025-08-01 14:48:57,5,100,0.2622
2025-08-01 14:49:05,5,200,0.2634
2025-08-01 14:49:13,5,300,0.262
2025-08-01 14:49:21,5,400,0.2621
2025-08-01 14:49:29,5,500,0.2598
2025-08-01 14:49:36,5,600,0.2611
2025-08-01 14:49:44,5,700,0.2605
2025-08-01 14:49:52,5,800,0.2599
2025-08-01 14:50:00,5,900,0.2583
2025-08-01 14:50:08,5,1000,0.259
2025-08-01 14:50:16,5,1100,0.259
2025-08-01 14:50:24,5,1200,0.2588
2025-08-01 14:50:32,5,1300,0.2585
2025-08-01 14:50:40,5,1400,0.2581
2025-08-01 14:50:48,5,1500,0.257
2025-08-01 14:50:56,5,1600,0.2568
2025-08-01 14:51:04,5,1700,0.2575
2025-08-01 14:51:12,5,1800,0.2563
2025-08-01 14:51:20,5,1900,0.2554
2025-08-01 14:51:28,5,2000,0.2544
2025-08-01 14:51:36,5,2100,0.2544
2025-08-01 14:51:43,5,2200,0.2551
2025-08-01 14:51:51,5,2300,0.2534
2025-08-01 14:51:59,5,2400,0.2534
2025-08-01 14:52:07,5,2500,0.2524
2025-08-01 14:52:15,6,100,0.2545
2025-08-01 14:52:23,6,200,0.2542
2025-08-01 14:52:31,6,300,0.2553
2025-08-01 14:52:39,6,400,0.2547
2025-08-01 14:52:47,6,500,0.254
2025-08-01 14:52:55,6,600,0.253
2025-08-01 14:53:03,6,700,0.2522
2025-08-01 14:53:11,6,800,0.2515
2025-08-01 14:53:19,6,900,0.249
2025-08-01 14:53:27,6,1000,0.2486
2025-08-01 14:53:35,6,1100,0.2458
2025-08-01 14:53:43,6,1200,0.2442
2025-08-01 14:53:51,6,1300,0.2436
2025-08-01 14:53:59,6,1400,0.2435
2025-08-01 14:54:07,6,1500,0.2422
2025-08-01 14:54:15,6,1600,0.2415
2025-08-01 14:54:23,6,1700,0.2409
2025-08-01 14:54:31,6,1800,0.2413
2025-08-01 14:54:39,6,1900,0.24
2025-08-01 14:54:47,6,2000,0.2399
2025-08-01 14:54:54,6,2100,0.2389
2025-08-01 14:55:02,6,2200,0.2366
2025-08-01 14:55:10,6,2300,0.2363
2025-08-01 14:55:18,6,2400,0.2358
2025-08-01 14:55:26,6,2500,0.2355
2025-08-01 14:55:34,7,100,0.2334
2025-08-01 14:55:42,7,200,0.2327
2025-08-01 14:55:50,7,300,0.2329
2025-08-01 14:55:58,7,400,0.2326
2025-08-01 14:56:06,7,500,0.2342
2025-08-01 14:56:14,7,600,0.2323
2025-08-01 14:56:22,7,700,0.2316
2025-08-01 14:56:30,7,800,0.2303
2025-08-01 14:56:38,7,900,0.229
2025-08-01 14:56:46,7,1000,0.2253
2025-08-01 14:56:54,7,1100,0.3238
2025-08-01 14:57:02,7,1200,0.2451
2025-08-01 14:57:10,7,1300,0.2403
2025-08-01 14:57:18,7,1400,0.2388
2025-08-01 14:57:26,7,1500,0.237
2025-08-01 14:57:33,7,1600,0.2352
2025-08-01 14:57:41,7,1700,0.2347
2025-08-01 14:57:49,7,1800,0.2328
2025-08-01 14:57:57,7,1900,0.2317
2025-08-01 14:58:05,7,2000,0.2303
2025-08-01 14:58:13,7,2100,0.23
2025-08-01 14:58:21,7,2200,0.2292
2025-08-01 14:58:29,7,2300,0.2289
2025-08-01 14:58:37,7,2400,0.228
2025-08-01 14:58:45,7,2500,0.2281
2025-08-01 14:58:53,8,100,0.2267
2025-08-01 14:59:01,8,200,0.2262
2025-08-01 14:59:09,8,300,0.2267
2025-08-01 14:59:17,8,400,0.2263
2025-08-01 14:59:25,8,500,0.225
2025-08-01 14:59:33,8,600,0.2242
2025-08-01 14:59:41,8,700,0.2239
2025-08-01 14:59:49,8,800,0.2229
2025-08-01 14:59:57,8,900,0.2231
2025-08-01 15:00:05,8,1000,0.2216
2025-08-01 15:00:13,8,1100,0.222
2025-08-01 15:00:21,8,1200,0.222
2025-08-01 15:00:28,8,1300,0.2214
2025-08-01 15:00:36,8,1400,0.2216
2025-08-01 15:00:44,8,1500,0.2198
2025-08-01 15:00:52,8,1600,0.2194
2025-08-01 15:01:00,8,1700,0.2193
2025-08-01 15:01:08,8,1800,0.2185
2025-08-01 15:01:16,8,1900,0.2243
2025-08-01 15:01:24,8,2000,0.2273
2025-08-01 15:01:32,8,2100,0.2199
2025-08-01 15:01:40,8,2200,0.2181
2025-08-01 15:01:48,8,2300,0.2178
2025-08-01 15:01:56,8,2400,0.2162
2025-08-01 15:02:04,8,2500,0.2158
2025-08-01 15:02:12,9,100,0.2156
2025-08-01 15:02:20,9,200,0.216
2025-08-01 15:02:28,9,300,0.2158
2025-08-01 15:02:36,9,400,0.2153
2025-08-01 15:02:44,9,500,0.2159
2025-08-01 15:02:51,9,600,0.2143
2025-08-01 15:02:59,9,700,0.2144
2025-08-01 15:03:07,9,800,0.2147
2025-08-01 15:03:15,9,900,0.214
2025-08-01 15:03:23,9,1000,0.2132
2025-08-01 15:03:31,9,1100,0.2135
2025-08-01 15:03:39,9,1200,0.2309
2025-08-01 15:03:47,9,1300,0.2167
2025-08-01 15:03:55,9,1400,0.2138
2025-08-01 15:04:03,9,1500,0.2117
2025-08-01 15:04:11,9,1600,0.209
2025-08-01 15:04:19,9,1700,0.2089
2025-08-01 15:04:27,9,1800,0.208
2025-08-01 15:04:35,9,1900,0.208
2025-08-01 15:04:43,9,2000,0.2073
2025-08-01 15:04:51,9,2100,0.2077
2025-08-01 15:04:58,9,2200,0.2067
2025-08-01 15:05:06,9,2300,0.2067
2025-08-01 15:05:14,9,2400,0.2059
2025-08-01 15:05:22,9,2500,0.2055
2025-08-01 15:05:30,10,100,0.2106
2025-08-01 15:05:38,10,200,0.2163
2025-08-01 15:05:46,10,300,0.2107
2025-08-01 15:05:54,10,400,0.2089
2025-08-01 15:06:02,10,500,0.2067
2025-08-01 15:06:10,10,600,0.2041
2025-08-01 15:06:18,10,700,0.204
2025-08-01 15:06:26,10,800,0.2038
2025-08-01 15:06:34,10,900,0.202
2025-08-01 15:06:42,10,1000,0.2016
2025-08-01 15:06:50,10,1100,0.201
2025-08-01 15:06:58,10,1200,0.2012
2025-08-01 15:07:06,10,1300,0.2015
2025-08-01 15:07:13,10,1400,0.2223
2025-08-01 15:07:21,10,1500,0.2076
2025-08-01 15:07:29,10,1600,0.2051
2025-08-01 15:07:37,10,1700,0.2034
2025-08-01 15:07:45,10,1800,0.2035
2025-08-01 15:07:53,10,1900,0.2024
2025-08-01 15:08:01,10,2000,0.2013
2025-08-01 15:08:09,10,2100,0.1996
2025-08-01 15:08:17,10,2200,0.198
2025-08-01 15:08:25,10,2300,0.1969
2025-08-01 15:08:33,10,2400,0.1963
2025-08-01 15:08:41,10,2500,0.1955
2025-08-01 15:08:49,11,100,0.1944
2025-08-01 15:08:57,11,200,0.1949
2025-08-01 15:09:05,11,300,0.1948
2025-08-01 15:09:13,11,400,0.1947
2025-08-01 15:09:21,11,500,0.1938
2025-08-01 15:09:29,11,600,0.1943
2025-08-01 15:09:37,11,700,0.194
2025-08-01 15:09:44,11,800,0.1944
2025-08-01 15:09:52,11,900,0.1938
2025-08-01 15:10:00,11,1000,0.194
2025-08-01 15:10:08,11,1100,0.1941
2025-08-01 15:10:16,11,1200,0.1943
2025-08-01 15:10:24,11,1300,0.1937
2025-08-01 15:10:32,11,1400,0.1933
2025-08-01 15:10:40,11,1500,0.1937
2025-08-01 15:10:48,11,1600,0.1931
2025-08-01 15:10:56,11,1700,0.1937
2025-08-01 15:11:04,11,1800,0.1938
2025-08-01 15:11:12,11,1900,0.193
2025-08-01 15:11:20,11,2000,0.1942
2025-08-01 15:11:28,11,2100,0.2065
2025-08-01 15:11:36,11,2200,0.1954
2025-08-01 15:11:44,11,2300,0.1941
2025-08-01 15:11:51,11,2400,0.1918
2025-08-01 15:11:59,11,2500,0.1923
2025-08-01 15:12:07,12,100,0.1915
2025-08-01 15:12:15,12,200,0.1915
2025-08-01 15:12:23,12,300,0.1906
2025-08-01 15:12:31,12,400,0.1902
2025-08-01 15:12:39,12,500,0.1896
2025-08-01 15:12:47,12,600,0.1893
2025-08-01 15:12:55,12,700,0.1898
2025-08-01 15:13:03,12,800,0.1891
2025-08-01 15:13:11,12,900,0.1894
2025-08-01 15:13:19,12,1000,0.1889
2025-08-01 15:13:27,12,1100,0.1889
2025-08-01 15:13:35,12,1200,0.1883
2025-08-01 15:13:43,12,1300,0.1888
2025-08-01 15:13:51,12,1400,0.1888
2025-08-01 15:13:59,12,1500,0.1883
2025-08-01 15:14:06,12,1600,0.1883
2025-08-01 15:14:14,12,1700,0.1896
2025-08-01 15:14:22,12,1800,0.1889
2025-08-01 15:14:30,12,1900,0.1883
2025-08-01 15:14:38,12,2000,0.1889
2025-08-01 15:14:46,12,2100,0.1892
2025-08-01 15:14:54,12,2200,0.1889
2025-08-01 15:15:02,12,2300,0.2128
2025-08-01 15:15:10,12,2400,0.1957
2025-08-01 15:15:18,12,2500,0.1899
2025-08-01 15:15:26,13,100,0.1889
2025-08-01 15:15:34,13,200,0.1881
2025-08-01 15:15:42,13,300,0.1886
2025-08-01 15:15:50,13,400,0.1882
2025-08-01 15:15:58,13,500,0.1882
2025-08-01 15:16:06,13,600,0.1881
2025-08-01 15:16:14,13,700,0.188
2025-08-01 15:16:21,13,800,0.1885
2025-08-01 15:16:29,13,900,0.1878
2025-08-01 15:16:37,13,1000,0.1879
2025-08-01 15:16:45,13,1100,0.188
2025-08-01 15:16:53,13,1200,0.1878
2025-08-01 15:17:01,13,1300,0.188
2025-08-01 15:17:09,13,1400,0.188
2025-08-01 15:17:17,13,1500,0.1874
2025-08-01 15:17:25,13,1600,0.188
2025-08-01 15:17:33,13,1700,0.1874
2025-08-01 15:17:41,13,1800,0.1873
2025-08-01 15:17:49,13,1900,0.1868
2025-08-01 15:17:57,13,2000,0.1871
2025-08-01 15:18:05,13,2100,0.1867
2025-08-01 15:18:13,13,2200,0.1874
2025-08-01 15:18:21,13,2300,0.1864
2025-08-01 15:18:29,13,2400,0.1966
2025-08-01 15:18:37,13,2500,0.1935
2025-08-01 15:18:45,14,100,0.1878
2025-08-01 15:18:53,14,200,0.1871
2025-08-01 15:19:01,14,300,0.1864
2025-08-01 15:19:09,14,400,0.1867
2025-08-01 15:19:17,14,500,0.1863
2025-08-01 15:19:25,14,600,0.1858
2025-08-01 15:19:33,14,700,0.1855
2025-08-01 15:19:40,14,800,0.1857
2025-08-01 15:19:48,14,900,0.1857
2025-08-01 15:19:56,14,1000,0.1858
2025-08-01 15:20:04,14,1100,0.1859
2025-08-01 15:20:12,14,1200,0.1862
2025-08-01 15:20:20,14,1300,0.186
2025-08-01 15:20:28,14,1400,0.186
2025-08-01 15:20:36,14,1500,0.1855
2025-08-01 15:20:44,14,1600,0.1859
2025-08-01 15:20:52,14,1700,0.1859
2025-08-01 15:21:00,14,1800,0.1853
2025-08-01 15:21:08,14,1900,0.1858
2025-08-01 15:21:16,14,2000,0.185
2025-08-01 15:21:24,14,2100,0.1862
2025-08-01 15:21:32,14,2200,0.1852
2025-08-01 15:21:39,14,2300,0.1863
2025-08-01 15:21:47,14,2400,0.2204
2025-08-01 15:21:55,14,2500,0.1935
2025-08-01 15:22:03,15,100,0.1863
2025-08-01 15:22:11,15,200,0.1847
2025-08-01 15:22:19,15,300,0.1847
2025-08-01 15:22:27,15,400,0.1844
2025-08-01 15:22:35,15,500,0.1847
2025-08-01 15:22:43,15,600,0.1839
2025-08-01 15:22:51,15,700,0.184
2025-08-01 15:22:59,15,800,0.1843
2025-08-01 15:23:07,15,900,0.1841
2025-08-01 15:23:15,15,1000,0.1843
2025-08-01 15:23:23,15,1100,0.1848
2025-08-01 15:23:31,15,1200,0.1843
2025-08-01 15:23:39,15,1300,0.1836
2025-08-01 15:23:47,15,1400,0.1844
2025-08-01 15:23:55,15,1500,0.1844
2025-08-01 15:24:03,15,1600,0.1839
2025-08-01 15:24:10,15,1700,0.1849
2025-08-01 15:24:18,15,1800,0.1842
2025-08-01 15:24:26,15,1900,0.1844
2025-08-01 15:24:34,15,2000,0.1842
2025-08-01 15:24:42,15,2100,0.1838
2025-08-01 15:24:50,15,2200,0.184
2025-08-01 15:24:58,15,2300,0.1841
2025-08-01 15:25:06,15,2400,0.1845
2025-08-01 15:25:14,15,2500,0.1846
2025-08-01 15:25:22,16,100,0.1846
2025-08-01 15:25:30,16,200,0.1904
2025-08-01 15:25:38,16,300,0.1853
2025-08-01 15:25:46,16,400,0.1839
2025-08-01 15:25:54,16,500,0.184
2025-08-01 15:26:02,16,600,0.1845
2025-08-01 15:26:10,16,700,0.1836
2025-08-01 15:26:18,16,800,0.1836
2025-08-01 15:26:26,16,900,0.1842
2025-08-01 15:26:34,16,1000,0.1841
2025-08-01 15:26:42,16,1100,0.1839
2025-08-01 15:26:49,16,1200,0.1833
2025-08-01 15:26:57,16,1300,0.1835
2025-08-01 15:27:05,16,1400,0.1837
2025-08-01 15:27:13,16,1500,0.1834
2025-08-01 15:27:21,16,1600,0.1835
2025-08-01 15:27:29,16,1700,0.1832
2025-08-01 15:27:37,16,1800,0.1823
2025-08-01 15:27:45,16,1900,0.1833
2025-08-01 15:27:53,16,2000,0.1828
2025-08-01 15:28:01,16,2100,0.183
2025-08-01 15:28:09,16,2200,0.1828
2025-08-01 15:28:17,16,2300,0.1825
2025-08-01 15:28:25,16,2400,0.1828
2025-08-01 15:28:33,16,2500,0.1831
2025-08-01 15:28:41,17,100,0.1823
2025-08-01 15:28:49,17,200,0.1826
2025-08-01 15:28:57,17,300,0.1995
2025-08-01 15:29:05,17,400,0.1862
2025-08-01 15:29:13,17,500,0.1828
2025-08-01 15:29:21,17,600,0.1819
2025-08-01 15:29:29,17,700,0.1826
2025-08-01 15:29:37,17,800,0.182
2025-08-01 15:29:45,17,900,0.1816
2025-08-01 15:29:53,17,1000,0.1812
2025-08-01 15:30:00,17,1100,0.1816
2025-08-01 15:30:08,17,1200,0.1809
2025-08-01 15:30:16,17,1300,0.1815
2025-08-01 15:30:24,17,1400,0.1813
2025-08-01 15:30:32,17,1500,0.1817
2025-08-01 15:30:40,17,1600,0.182
2025-08-01 15:30:48,17,1700,0.1812
2025-08-01 15:30:56,17,1800,0.1817
2025-08-01 15:31:04,17,1900,0.1815
2025-08-01 15:31:12,17,2000,0.1812
2025-08-01 15:31:20,17,2100,0.1812
2025-08-01 15:31:28,17,2200,0.1815
2025-08-01 15:31:36,17,2300,0.181
2025-08-01 15:31:44,17,2400,0.1818
2025-08-01 15:31:52,17,2500,0.1813
2025-08-01 15:32:00,18,100,0.1815
2025-08-01 15:32:08,18,200,0.1814
2025-08-01 15:32:16,18,300,0.1818
2025-08-01 15:32:24,18,400,0.1829
2025-08-01 15:32:32,18,500,0.1922
2025-08-01 15:32:40,18,600,0.1831
2025-08-01 15:32:48,18,700,0.1813
2025-08-01 15:32:56,18,800,0.1809
2025-08-01 15:33:04,18,900,0.1805
2025-08-01 15:33:12,18,1000,0.181
2025-08-01 15:33:20,18,1100,0.181
2025-08-01 15:33:27,18,1200,0.1808
2025-08-01 15:33:35,18,1300,0.1809
2025-08-01 15:33:43,18,1400,0.181
2025-08-01 15:33:51,18,1500,0.1813
2025-08-01 15:33:59,18,1600,0.1812
2025-08-01 15:34:07,18,1700,0.1809
2025-08-01 15:34:15,18,1800,0.1803
2025-08-01 15:34:23,18,1900,0.1812
2025-08-01 15:34:31,18,2000,0.1811
2025-08-01 15:34:39,18,2100,0.181
2025-08-01 15:34:47,18,2200,0.181
2025-08-01 15:34:55,18,2300,0.1806
2025-08-01 15:35:03,18,2400,0.1807
2025-08-01 15:35:11,18,2500,0.1814
2025-08-01 15:35:19,19,100,0.1808
2025-08-01 15:35:27,19,200,0.1812
2025-08-01 15:35:35,19,300,0.1804
2025-08-01 15:35:42,19,400,0.1814
2025-08-01 15:35:50,19,500,0.1927
2025-08-01 15:35:58,19,600,0.182
2025-08-01 15:36:06,19,700,0.1815
2025-08-01 15:36:14,19,800,0.181
2025-08-01 15:36:22,19,900,0.1803
2025-08-01 15:36:30,19,1000,0.1806
2025-08-01 15:36:38,19,1100,0.1811
2025-08-01 15:36:46,19,1200,0.181
2025-08-01 15:36:54,19,1300,0.1812
2025-08-01 15:37:02,19,1400,0.1803
2025-08-01 15:37:10,19,1500,0.1803
2025-08-01 15:37:18,19,1600,0.1808
2025-08-01 15:37:26,19,1700,0.1802
2025-08-01 15:37:34,19,1800,0.1803
2025-08-01 15:37:41,19,1900,0.1805
2025-08-01 15:37:49,19,2000,0.1806
2025-08-01 15:37:57,19,2100,0.1809
2025-08-01 15:38:05,19,2200,0.1806
2025-08-01 15:38:13,19,2300,0.1802
2025-08-01 15:38:21,19,2400,0.1811
2025-08-01 15:38:29,19,2500,0.1803
2025-08-01 15:38:37,20,100,0.1816
2025-08-01 15:38:45,20,200,0.1808
2025-08-01 15:38:53,20,300,0.1808
2025-08-01 15:39:01,20,400,0.1812
2025-08-01 15:39:09,20,500,0.2087
2025-08-01 15:39:17,20,600,0.1837
2025-08-01 15:39:25,20,700,0.1813
2025-08-01 15:39:33,20,800,0.1815
2025-08-01 15:39:41,20,900,0.1806
2025-08-01 15:39:48,20,1000,0.1808
2025-08-01 15:39:56,20,1100,0.1799
2025-08-01 15:40:04,20,1200,0.1794
2025-08-01 15:40:12,20,1300,0.179
2025-08-01 15:40:20,20,1400,0.1796
2025-08-01 15:40:28,20,1500,0.1797
2025-08-01 15:40:36,20,1600,0.1801
2025-08-01 15:40:44,20,1700,0.1804
2025-08-01 15:40:52,20,1800,0.18
2025-08-01 15:41:00,20,1900,0.1799
2025-08-01 15:41:08,20,2000,0.1802
2025-08-01 15:41:16,20,2100,0.18
2025-08-01 15:41:24,20,2200,0.1799
2025-08-01 15:41:32,20,2300,0.1795
2025-08-01 15:41:39,20,2400,0.1795
2025-08-01 15:41:47,20,2500,0.1803
2025-08-01 15:41:56,21,100,0.1804
2025-08-01 15:42:03,21,200,0.1789
2025-08-01 15:42:11,21,300,0.1796
2025-08-01 15:42:19,21,400,0.1806
2025-08-01 15:42:27,21,500,0.1793
2025-08-01 15:42:35,21,600,0.2068
2025-08-01 15:42:43,21,700,0.1841
2025-08-01 15:42:51,21,800,0.1808
2025-08-01 15:42:59,21,900,0.1804
2025-08-01 15:43:07,21,1000,0.1793
2025-08-01 15:43:15,21,1100,0.1798
2025-08-01 15:43:23,21,1200,0.1801
2025-08-01 15:43:31,21,1300,0.1797
2025-08-01 15:43:39,21,1400,0.1793
2025-08-01 15:43:47,21,1500,0.1799
2025-08-01 15:43:55,21,1600,0.1795
2025-08-01 15:44:03,21,1700,0.1793
2025-08-01 15:44:10,21,1800,0.1796
2025-08-01 15:44:18,21,1900,0.1795
2025-08-01 15:44:26,21,2000,0.1798
2025-08-01 15:44:34,21,2100,0.18
2025-08-01 15:44:42,21,2200,0.18
2025-08-01 15:44:50,21,2300,0.1803
2025-08-01 15:44:58,21,2400,0.1792
2025-08-01 15:45:06,21,2500,0.1797
2025-08-01 15:45:14,22,100,0.18
2025-08-01 15:45:22,22,200,0.1795
2025-08-01 15:45:30,22,300,0.1792
2025-08-01 15:45:38,22,400,0.1803
2025-08-01 15:45:46,22,500,0.1798
2025-08-01 15:45:54,22,600,0.1798
2025-08-01 15:46:02,22,700,0.2152
2025-08-01 15:46:10,22,800,0.1855
2025-08-01 15:46:17,22,900,0.1807
2025-08-01 15:46:25,22,1000,0.1798
2025-08-01 15:46:33,22,1100,0.1797
2025-08-01 15:46:41,22,1200,0.1795
2025-08-01 15:46:49,22,1300,0.1793
2025-08-01 15:46:57,22,1400,0.1793
2025-08-01 15:47:05,22,1500,0.1793
2025-08-01 15:47:13,22,1600,0.1789
2025-08-01 15:47:21,22,1700,0.1791
2025-08-01 15:47:29,22,1800,0.1787
2025-08-01 15:47:37,22,1900,0.1794
2025-08-01 15:47:45,22,2000,0.1794
2025-08-01 15:47:53,22,2100,0.1792
2025-08-01 15:48:01,22,2200,0.1793
2025-08-01 15:48:09,22,2300,0.1795
2025-08-01 15:48:17,22,2400,0.1795
2025-08-01 15:48:25,22,2500,0.1799
2025-08-01 15:48:33,23,100,0.1796
2025-08-01 15:48:41,23,200,0.1795
2025-08-01 15:48:48,23,300,0.1785
2025-08-01 15:48:56,23,400,0.1795
2025-08-01 15:49:04,23,500,0.1793
2025-08-01 15:49:12,23,600,0.1797
2025-08-01 15:49:20,23,700,0.1792
2025-08-01 15:49:28,23,800,0.1789
2025-08-01 15:49:36,23,900,0.2058
2025-08-01 15:49:44,23,1000,0.1843
2025-08-01 15:49:52,23,1100,0.1801
2025-08-01 15:50:00,23,1200,0.1796
2025-08-01 15:50:08,23,1300,0.1789
2025-08-01 15:50:16,23,1400,0.1794
2025-08-01 15:50:24,23,1500,0.1788
2025-08-01 15:50:32,23,1600,0.1785
2025-08-01 15:50:40,23,1700,0.1795
2025-08-01 15:50:48,23,1800,0.1787
2025-08-01 15:50:55,23,1900,0.1793
2025-08-01 15:51:03,23,2000,0.1785
2025-08-01 15:51:11,23,2100,0.1793
2025-08-01 15:51:19,23,2200,0.1784
2025-08-01 15:51:27,23,2300,0.1788
2025-08-01 15:51:35,23,2400,0.1792
2025-08-01 15:51:43,23,2500,0.179
2025-08-01 15:51:51,24,100,0.1791
2025-08-01 15:51:59,24,200,0.1787
2025-08-01 15:52:07,24,300,0.1787
2025-08-01 15:52:15,24,400,0.1791
2025-08-01 15:52:23,24,500,0.1788
2025-08-01 15:52:31,24,600,0.1794
2025-08-01 15:52:39,24,700,0.1789
2025-08-01 15:52:47,24,800,0.1791
2025-08-01 15:52:55,24,900,0.1784
2025-08-01 15:53:03,24,1000,0.179
2025-08-01 15:53:11,24,1100,0.1983
2025-08-01 15:53:19,24,1200,0.1825
2025-08-01 15:53:26,24,1300,0.18
2025-08-01 15:53:34,24,1400,0.1786
2025-08-01 15:53:42,24,1500,0.179
2025-08-01 15:53:50,24,1600,0.1783
2025-08-01 15:53:58,24,1700,0.1785
2025-08-01 15:54:06,24,1800,0.1796
2025-08-01 15:54:14,24,1900,0.1788
2025-08-01 15:54:22,24,2000,0.1791
2025-08-01 15:54:30,24,2100,0.1784
2025-08-01 15:54:38,24,2200,0.1783
2025-08-01 15:54:46,24,2300,0.1785
2025-08-01 15:54:54,24,2400,0.1788
2025-08-01 15:55:02,24,2500,0.1783
2025-08-01 15:55:10,25,100,0.1786
2025-08-01 15:55:18,25,200,0.1787
2025-08-01 15:55:26,25,300,0.179
2025-08-01 15:55:34,25,400,0.1792
2025-08-01 15:55:42,25,500,0.1793
2025-08-01 15:55:50,25,600,0.1785
2025-08-01 15:55:58,25,700,0.1786
2025-08-01 15:56:05,25,800,0.179
2025-08-01 15:56:13,25,900,0.1789
2025-08-01 15:56:21,25,1000,0.1785
2025-08-01 15:56:29,25,1100,0.2231
2025-08-01 15:56:37,25,1200,0.1856
2025-08-01 15:56:45,25,1300,0.1803
2025-08-01 15:56:53,25,1400,0.1778
2025-08-01 15:57:01,25,1500,0.1783
2025-08-01 15:57:09,25,1600,0.1785
2025-08-01 15:57:17,25,1700,0.1783
2025-08-01 15:57:25,25,1800,0.1781
2025-08-01 15:57:33,25,1900,0.1782
2025-08-01 15:57:41,25,2000,0.1781
2025-08-01 15:57:49,25,2100,0.1787
2025-08-01 15:57:57,25,2200,0.1787
2025-08-01 15:58:05,25,2300,0.1783
2025-08-01 15:58:13,25,2400,0.1781
2025-08-01 15:58:21,25,2500,0.1787
2025-08-01 15:58:29,26,100,0.1782
2025-08-01 15:58:37,26,200,0.179
2025-08-01 15:58:45,26,300,0.178
2025-08-01 15:58:53,26,400,0.1784
2025-08-01 15:59:01,26,500,0.1782
2025-08-01 15:59:09,26,600,0.1783
2025-08-01 15:59:17,26,700,0.1785
2025-08-01 15:59:24,26,800,0.1785
2025-08-01 15:59:32,26,900,0.1778
2025-08-01 15:59:40,26,1000,0.1777
2025-08-01 15:59:48,26,1100,0.177
2025-08-01 15:59:56,26,1200,0.1772
2025-08-01 16:00:04,26,1300,0.178
2025-08-01 16:00:12,26,1400,0.1824
2025-08-01 16:00:20,26,1500,0.1888
2025-08-01 16:00:28,26,1600,0.1789
2025-08-01 16:00:36,26,1700,0.1779
2025-08-01 16:00:44,26,1800,0.1775
2025-08-01 16:00:52,26,1900,0.1778
2025-08-01 16:01:00,26,2000,0.1769
2025-08-01 16:01:08,26,2100,0.1772
2025-08-01 16:01:16,26,2200,0.1772
2025-08-01 16:01:24,26,2300,0.1773
2025-08-01 16:01:31,26,2400,0.1777
2025-08-01 16:01:39,26,2500,0.1773
2025-08-01 16:01:48,27,100,0.1773
2025-08-01 16:01:56,27,200,0.1775
2025-08-01 16:02:04,27,300,0.1774
2025-08-01 16:02:11,27,400,0.1776
2025-08-01 16:02:19,27,500,0.177
2025-08-01 16:02:27,27,600,0.1775
2025-08-01 16:02:35,27,700,0.1775
2025-08-01 16:02:43,27,800,0.1777
2025-08-01 16:02:51,27,900,0.1777
2025-08-01 16:02:59,27,1000,0.1772
2025-08-01 16:03:07,27,1100,0.1775
2025-08-01 16:03:15,27,1200,0.1766
2025-08-01 16:03:23,27,1300,0.177
2025-08-01 16:03:31,27,1400,0.1778
2025-08-01 16:03:39,27,1500,0.1773
2025-08-01 16:03:47,27,1600,0.1769
2025-08-01 16:03:55,27,1700,0.1767
2025-08-01 16:04:03,27,1800,0.1903
2025-08-01 16:04:11,27,1900,0.1805
2025-08-01 16:04:19,27,2000,0.1774
2025-08-01 16:04:27,27,2100,0.1778
2025-08-01 16:04:35,27,2200,0.1772
2025-08-01 16:04:43,27,2300,0.1776
2025-08-01 16:04:51,27,2400,0.1769
2025-08-01 16:04:59,27,2500,0.1776
2025-08-01 16:05:07,28,100,0.1775
2025-08-01 16:05:15,28,200,0.1773
2025-08-01 16:05:23,28,300,0.1774
2025-08-01 16:05:30,28,400,0.1769
2025-08-01 16:05:38,28,500,0.1771
2025-08-01 16:05:46,28,600,0.1773
2025-08-01 16:05:54,28,700,0.1778
2025-08-01 16:06:02,28,800,0.1774
2025-08-01 16:06:10,28,900,0.1774
2025-08-01 16:06:18,28,1000,0.1769
2025-08-01 16:06:26,28,1100,0.1767
2025-08-01 16:06:34,28,1200,0.1771
2025-08-01 16:06:42,28,1300,0.1773
2025-08-01 16:06:50,28,1400,0.1772
2025-08-01 16:06:58,28,1500,0.1774
2025-08-01 16:07:06,28,1600,0.2004
2025-08-01 16:07:14,28,1700,0.1839
2025-08-01 16:07:22,28,1800,0.1786
2025-08-01 16:07:30,28,1900,0.1772
2025-08-01 16:07:37,28,2000,0.1772
2025-08-01 16:07:45,28,2100,0.1772
2025-08-01 16:07:53,28,2200,0.177
2025-08-01 16:08:01,28,2300,0.1771
2025-08-01 16:08:09,28,2400,0.1765
2025-08-01 16:08:17,28,2500,0.177
2025-08-01 16:08:25,29,100,0.1772
2025-08-01 16:08:33,29,200,0.1772
2025-08-01 16:08:41,29,300,0.1764
2025-08-01 16:08:49,29,400,0.1768
2025-08-01 16:08:57,29,500,0.177
2025-08-01 16:09:05,29,600,0.1774
2025-08-01 16:09:13,29,700,0.1775
2025-08-01 16:09:21,29,800,0.1775
2025-08-01 16:09:29,29,900,0.1772
2025-08-01 16:09:37,29,1000,0.1769
2025-08-01 16:09:45,29,1100,0.1772
2025-08-01 16:09:53,29,1200,0.1768
2025-08-01 16:10:01,29,1300,0.177
2025-08-01 16:10:09,29,1400,0.1775
2025-08-01 16:10:16,29,1500,0.1776
2025-08-01 16:10:24,29,1600,0.1774
2025-08-01 16:10:32,29,1700,0.1774
2025-08-01 16:10:40,29,1800,0.1923
2025-08-01 16:10:48,29,1900,0.1836
2025-08-01 16:10:56,29,2000,0.1779
2025-08-01 16:11:04,29,2100,0.178
2025-08-01 16:11:12,29,2200,0.1765
2025-08-01 16:11:20,29,2300,0.1768
2025-08-01 16:11:28,29,2400,0.1776
2025-08-01 16:11:36,29,2500,0.1772
2025-08-01 16:11:44,30,100,0.1772
2025-08-01 16:11:52,30,200,0.1766
2025-08-01 16:12:00,30,300,0.1775
2025-08-01 16:12:08,30,400,0.1769
2025-08-01 16:12:16,30,500,0.1768
2025-08-01 16:12:24,30,600,0.1766
2025-08-01 16:12:32,30,700,0.1769
2025-08-01 16:12:40,30,800,0.1776
2025-08-01 16:12:48,30,900,0.177
2025-08-01 16:12:56,30,1000,0.1773
2025-08-01 16:13:03,30,1100,0.1772
2025-08-01 16:13:11,30,1200,0.1772
2025-08-01 16:13:19,30,1300,0.1765
2025-08-01 16:13:27,30,1400,0.1772
2025-08-01 16:13:35,30,1500,0.1766
2025-08-01 16:13:43,30,1600,0.1772
2025-08-01 16:13:51,30,1700,0.1772
2025-08-01 16:13:59,30,1800,0.1771
2025-08-01 16:14:07,30,1900,0.1779
2025-08-01 16:14:15,30,2000,0.1934
2025-08-01 16:14:23,30,2100,0.1806
2025-08-01 16:14:31,30,2200,0.1771
2025-08-01 16:14:39,30,2300,0.1772
2025-08-01 16:14:47,30,2400,0.1762
2025-08-01 16:14:55,30,2500,0.1766
2025-08-01 16:15:03,31,100,0.1768
2025-08-01 16:15:11,31,200,0.1769
2025-08-01 16:15:19,31,300,0.1773
2025-08-01 16:15:27,31,400,0.1766
2025-08-01 16:15:35,31,500,0.1766
2025-08-01 16:15:43,31,600,0.1761
2025-08-01 16:15:51,31,700,0.1767
2025-08-01 16:15:59,31,800,0.1761
2025-08-01 16:16:06,31,900,0.1761
2025-08-01 16:16:14,31,1000,0.1773
2025-08-01 16:16:22,31,1100,0.1766
2025-08-01 16:16:30,31,1200,0.1765
2025-08-01 16:16:38,31,1300,0.1768
2025-08-01 16:16:46,31,1400,0.1763
2025-08-01 16:16:54,31,1500,0.1768
2025-08-01 16:17:02,31,1600,0.1756
2025-08-01 16:17:10,31,1700,0.1772
2025-08-01 16:17:18,31,1800,0.1762
2025-08-01 16:17:26,31,1900,0.1765
2025-08-01 16:17:34,31,2000,0.1772
2025-08-01 16:17:42,31,2100,0.1759
2025-08-01 16:17:50,31,2200,0.1766
2025-08-01 16:17:58,31,2300,0.1764
2025-08-01 16:18:06,31,2400,0.1761
2025-08-01 16:18:14,31,2500,0.176
2025-08-01 16:18:22,32,100,0.1761
2025-08-01 16:18:30,32,200,0.1766
2025-08-01 16:18:38,32,300,0.1765
2025-08-01 16:18:46,32,400,0.1767
2025-08-01 16:18:54,32,500,0.1769
2025-08-01 16:19:02,32,600,0.1765
2025-08-01 16:19:10,32,700,0.1766
2025-08-01 16:19:18,32,800,0.1763
2025-08-01 16:19:26,32,900,0.1762
2025-08-01 16:19:34,32,1000,0.1765
2025-08-01 16:19:42,32,1100,0.177
2025-08-01 16:19:50,32,1200,0.1766
2025-08-01 16:19:58,32,1300,0.1765
2025-08-01 16:20:05,32,1400,0.176
2025-08-01 16:20:13,32,1500,0.1759
2025-08-01 16:20:21,32,1600,0.1839
2025-08-01 16:20:29,32,1700,0.1769
2025-08-01 16:20:37,32,1800,0.1767
2025-08-01 16:20:45,32,1900,0.1771
2025-08-01 16:20:53,32,2000,0.1767
2025-08-01 16:21:01,32,2100,0.1767
2025-08-01 16:21:09,32,2200,0.177
2025-08-01 16:21:17,32,2300,0.1771
2025-08-01 16:21:25,32,2400,0.1768
2025-08-01 16:21:33,32,2500,0.1769
2025-08-01 16:21:41,33,100,0.176
2025-08-01 16:21:49,33,200,0.1761
2025-08-01 16:21:57,33,300,0.1766
2025-08-01 16:22:05,33,400,0.1762
2025-08-01 16:22:13,33,500,0.1764
2025-08-01 16:22:21,33,600,0.1767
2025-08-01 16:22:29,33,700,0.1769
2025-08-01 16:22:37,33,800,0.1765
2025-08-01 16:22:45,33,900,0.1765
2025-08-01 16:22:53,33,1000,0.1759
2025-08-01 16:23:01,33,1100,0.1758
2025-08-01 16:23:09,33,1200,0.1765
2025-08-01 16:23:17,33,1300,0.1771
2025-08-01 16:23:25,33,1400,0.1767
2025-08-01 16:23:33,33,1500,0.176
2025-08-01 16:23:41,33,1600,0.1765
2025-08-01 16:23:48,33,1700,0.1763
2025-08-01 16:23:56,33,1800,0.1766
2025-08-01 16:24:04,33,1900,0.1764
2025-08-01 16:24:12,33,2000,0.1799
2025-08-01 16:24:20,33,2100,0.1768
2025-08-01 16:24:28,33,2200,0.1765
2025-08-01 16:24:36,33,2300,0.1768
2025-08-01 16:24:44,33,2400,0.1759
2025-08-01 16:24:52,33,2500,0.1762
2025-08-01 16:25:00,34,100,0.1761
2025-08-01 16:25:08,34,200,0.1763
2025-08-01 16:25:16,34,300,0.1763
2025-08-01 16:25:24,34,400,0.176
2025-08-01 16:25:32,34,500,0.1766
2025-08-01 16:25:40,34,600,0.1767
2025-08-01 16:25:48,34,700,0.1762
2025-08-01 16:25:56,34,800,0.1762
2025-08-01 16:26:04,34,900,0.1764
2025-08-01 16:26:12,34,1000,0.1767
2025-08-01 16:26:20,34,1100,0.1759
2025-08-01 16:26:28,34,1200,0.176
2025-08-01 16:26:36,34,1300,0.1764
2025-08-01 16:26:43,34,1400,0.1772
2025-08-01 16:26:52,34,1500,0.1767
2025-08-01 16:26:59,34,1600,0.1764
2025-08-01 16:27:07,34,1700,0.1756
2025-08-01 16:27:15,34,1800,0.1763
2025-08-01 16:27:23,34,1900,0.1761
2025-08-01 16:27:31,34,2000,0.1763
2025-08-01 16:27:39,34,2100,0.1757
2025-08-01 16:27:47,34,2200,0.1765
2025-08-01 16:27:55,34,2300,0.1761
2025-08-01 16:28:03,34,2400,0.1761
2025-08-01 16:28:11,34,2500,0.1794
2025-08-01 16:28:19,35,100,0.1759
2025-08-01 16:28:27,35,200,0.1759
2025-08-01 16:28:35,35,300,0.1762
2025-08-01 16:28:43,35,400,0.177
2025-08-01 16:28:51,35,500,0.1766
2025-08-01 16:28:59,35,600,0.176
2025-08-01 16:29:07,35,700,0.1757
2025-08-01 16:29:15,35,800,0.1765
2025-08-01 16:29:23,35,900,0.1764
2025-08-01 16:29:31,35,1000,0.1765
2025-08-01 16:29:38,35,1100,0.176
2025-08-01 16:29:46,35,1200,0.1764
2025-08-01 16:29:54,35,1300,0.1759
2025-08-01 16:30:02,35,1400,0.1757
2025-08-01 16:30:10,35,1500,0.1759
2025-08-01 16:30:18,35,1600,0.1769
2025-08-01 16:30:26,35,1700,0.1765
2025-08-01 16:30:34,35,1800,0.1759
2025-08-01 16:30:42,35,1900,0.1765
2025-08-01 16:30:50,35,2000,0.1762
2025-08-01 16:30:58,35,2100,0.176
2025-08-01 16:31:06,35,2200,0.1762
2025-08-01 16:31:14,35,2300,0.1763
2025-08-01 16:31:22,35,2400,0.1764
2025-08-01 16:31:30,35,2500,0.1764
2025-08-01 16:31:38,36,100,0.1761
2025-08-01 16:31:46,36,200,0.1761
2025-08-01 16:31:54,36,300,0.1764
2025-08-01 16:32:02,36,400,0.1763
2025-08-01 16:32:10,36,500,0.1762
2025-08-01 16:32:18,36,600,0.176
2025-08-01 16:32:25,36,700,0.1764
2025-08-01 16:32:33,36,800,0.1763
2025-08-01 16:32:41,36,900,0.1767
2025-08-01 16:32:49,36,1000,0.1774
2025-08-01 16:32:57,36,1100,0.1756
2025-08-01 16:33:05,36,1200,0.1763
2025-08-01 16:33:13,36,1300,0.1769
2025-08-01 16:33:21,36,1400,0.176
2025-08-01 16:33:29,36,1500,0.1766
2025-08-01 16:33:37,36,1600,0.1757
2025-08-01 16:33:45,36,1700,0.1761
2025-08-01 16:33:53,36,1800,0.1764
2025-08-01 16:34:01,36,1900,0.176
2025-08-01 16:34:09,36,2000,0.1763
2025-08-01 16:34:17,36,2100,0.1763
2025-08-01 16:34:25,36,2200,0.176
2025-08-01 16:34:33,36,2300,0.176
2025-08-01 16:34:40,36,2400,0.1771
2025-08-01 16:34:48,36,2500,0.176
2025-08-01 16:34:56,37,100,0.1761
2025-08-01 16:35:04,37,200,0.1765
2025-08-01 16:35:12,37,300,0.1757
2025-08-01 16:35:20,37,400,0.1763
2025-08-01 16:35:28,37,500,0.1762
2025-08-01 16:35:36,37,600,0.1761
2025-08-01 16:35:44,37,700,0.1765
2025-08-01 16:35:52,37,800,0.1767
2025-08-01 16:36:00,37,900,0.1765
2025-08-01 16:36:08,37,1000,0.1769
2025-08-01 16:36:16,37,1100,0.1766
2025-08-01 16:36:24,37,1200,0.1774
2025-08-01 16:36:32,37,1300,0.1759
2025-08-01 16:36:40,37,1400,0.1761
2025-08-01 16:36:48,37,1500,0.1761
2025-08-01 16:36:56,37,1600,0.1769
2025-08-01 16:37:03,37,1700,0.1789
2025-08-01 16:37:11,37,1800,0.1767
2025-08-01 16:37:19,37,1900,0.1763
2025-08-01 16:37:27,37,2000,0.1764
2025-08-01 16:37:35,37,2100,0.1765
2025-08-01 16:37:43,37,2200,0.176
2025-08-01 16:37:51,37,2300,0.1764
2025-08-01 16:37:59,37,2400,0.1762
2025-08-01 16:38:07,37,2500,0.1766
2025-08-01 16:38:15,38,100,0.1766
2025-08-01 16:38:23,38,200,0.1766
2025-08-01 16:38:31,38,300,0.1762
2025-08-01 16:38:39,38,400,0.1762
2025-08-01 16:38:47,38,500,0.1765
2025-08-01 16:38:55,38,600,0.1768
2025-08-01 16:39:03,38,700,0.176
2025-08-01 16:39:11,38,800,0.1762
2025-08-01 16:39:19,38,900,0.176
2025-08-01 16:39:26,38,1000,0.1767
2025-08-01 16:39:34,38,1100,0.1762
2025-08-01 16:39:42,38,1200,0.1767
2025-08-01 16:39:50,38,1300,0.1764
2025-08-01 16:39:58,38,1400,0.1758
2025-08-01 16:40:06,38,1500,0.1761
2025-08-01 16:40:14,38,1600,0.1763
2025-08-01 16:40:22,38,1700,0.1762
2025-08-01 16:40:30,38,1800,0.1764
2025-08-01 16:40:38,38,1900,0.1769
2025-08-01 16:40:46,38,2000,0.1767
2025-08-01 16:40:54,38,2100,0.1762
2025-08-01 16:41:02,38,2200,0.1858
2025-08-01 16:41:10,38,2300,0.1758
2025-08-01 16:41:18,38,2400,0.1766
2025-08-01 16:41:25,38,2500,0.1768
2025-08-01 16:41:34,39,100,0.176
2025-08-01 16:41:42,39,200,0.1763
2025-08-01 16:41:49,39,300,0.176
2025-08-01 16:41:57,39,400,0.1766
2025-08-01 16:42:05,39,500,0.1761
2025-08-01 16:42:13,39,600,0.1759
2025-08-01 16:42:21,39,700,0.1768
2025-08-01 16:42:29,39,800,0.176
2025-08-01 16:42:37,39,900,0.1753
2025-08-01 16:42:45,39,1000,0.1758
2025-08-01 16:42:53,39,1100,0.1762
2025-08-01 16:43:01,39,1200,0.176
2025-08-01 16:43:09,39,1300,0.1766
2025-08-01 16:43:17,39,1400,0.1768
2025-08-01 16:43:25,39,1500,0.1764
2025-08-01 16:43:33,39,1600,0.1761
2025-08-01 16:43:41,39,1700,0.1766
2025-08-01 16:43:49,39,1800,0.176
2025-08-01 16:43:56,39,1900,0.1763
2025-08-01 16:44:04,39,2000,0.1762
2025-08-01 16:44:12,39,2100,0.1765
2025-08-01 16:44:20,39,2200,0.1768
2025-08-01 16:44:28,39,2300,0.1758
2025-08-01 16:44:36,39,2400,0.1771
2025-08-01 16:44:44,39,2500,0.1761
2025-08-01 16:44:52,40,100,0.1766
2025-08-01 16:45:00,40,200,0.1799
2025-08-01 16:45:08,40,300,0.1761
2025-08-01 16:45:16,40,400,0.1764
2025-08-01 16:45:24,40,500,0.176
2025-08-01 16:45:32,40,600,0.1759
2025-08-01 16:45:40,40,700,0.1763
2025-08-01 16:45:48,40,800,0.1762
2025-08-01 16:45:56,40,900,0.1768
2025-08-01 16:46:04,40,1000,0.1761
2025-08-01 16:46:12,40,1100,0.1763
2025-08-01 16:46:20,40,1200,0.1761
2025-08-01 16:46:27,40,1300,0.1768
2025-08-01 16:46:35,40,1400,0.1763
2025-08-01 16:46:43,40,1500,0.1761
2025-08-01 16:46:51,40,1600,0.1755
2025-08-01 16:46:59,40,1700,0.1768
2025-08-01 16:47:07,40,1800,0.1766
2025-08-01 16:47:15,40,1900,0.1755
2025-08-01 16:47:23,40,2000,0.176
2025-08-01 16:47:31,40,2100,0.1761
2025-08-01 16:47:39,40,2200,0.1753
2025-08-01 16:47:47,40,2300,0.1772
2025-08-01 16:47:55,40,2400,0.1768
2025-08-01 16:48:03,40,2500,0.176
2025-08-01 16:48:11,41,100,0.1764
2025-08-01 16:48:19,41,200,0.1759
2025-08-01 16:48:27,41,300,0.1757
2025-08-01 16:48:35,41,400,0.1756
2025-08-01 16:48:43,41,500,0.1759
2025-08-01 16:48:51,41,600,0.176
2025-08-01 16:48:59,41,700,0.1769
2025-08-01 16:49:07,41,800,0.1824
2025-08-01 16:49:15,41,900,0.1764
2025-08-01 16:49:23,41,1000,0.1764
2025-08-01 16:49:30,41,1100,0.177
2025-08-01 16:49:38,41,1200,0.1766
2025-08-01 16:49:46,41,1300,0.1767
2025-08-01 16:49:54,41,1400,0.1767
2025-08-01 16:50:02,41,1500,0.1764
2025-08-01 16:50:10,41,1600,0.176
2025-08-01 16:50:18,41,1700,0.1761
2025-08-01 16:50:26,41,1800,0.1763
2025-08-01 16:50:34,41,1900,0.1764
2025-08-01 16:50:42,41,2000,0.1766
2025-08-01 16:50:50,41,2100,0.1762
2025-08-01 16:50:58,41,2200,0.1763
2025-08-01 16:51:06,41,2300,0.1764
2025-08-01 16:51:14,41,2400,0.176
2025-08-01 16:51:21,41,2500,0.177
2025-08-01 16:51:30,42,100,0.1767
2025-08-01 16:51:38,42,200,0.1763
2025-08-01 16:51:45,42,300,0.176
2025-08-01 16:51:53,42,400,0.1766
2025-08-01 16:52:01,42,500,0.1761
2025-08-01 16:52:09,42,600,0.1764
2025-08-01 16:52:17,42,700,0.1767
2025-08-01 16:52:25,42,800,0.176
2025-08-01 16:52:33,42,900,0.1758
2025-08-01 16:52:41,42,1000,0.1765
2025-08-01 16:52:49,42,1100,0.1757
2025-08-01 16:52:57,42,1200,0.177
2025-08-01 16:53:05,42,1300,0.1825
2025-08-01 16:53:13,42,1400,0.1765
2025-08-01 16:53:21,42,1500,0.1767
2025-08-01 16:53:29,42,1600,0.1764
2025-08-01 16:53:37,42,1700,0.176
2025-08-01 16:53:45,42,1800,0.1757
2025-08-01 16:53:53,42,1900,0.1758
2025-08-01 16:54:01,42,2000,0.176
2025-08-01 16:54:09,42,2100,0.176
2025-08-01 16:54:16,42,2200,0.1763
2025-08-01 16:54:24,42,2300,0.1761
2025-08-01 16:54:32,42,2400,0.1761
2025-08-01 16:54:40,42,2500,0.1757
2025-08-01 16:54:48,43,100,0.1765
2025-08-01 16:54:56,43,200,0.1768
2025-08-01 16:55:04,43,300,0.1756
2025-08-01 16:55:12,43,400,0.176
2025-08-01 16:55:20,43,500,0.1767
2025-08-01 16:55:28,43,600,0.1761
2025-08-01 16:55:36,43,700,0.1771
2025-08-01 16:55:44,43,800,0.1757
2025-08-01 16:55:52,43,900,0.1761
2025-08-01 16:56:00,43,1000,0.1762
2025-08-01 16:56:08,43,1100,0.1758
2025-08-01 16:56:16,43,1200,0.1762
2025-08-01 16:56:24,43,1300,0.1761
2025-08-01 16:56:32,43,1400,0.1763
2025-08-01 16:56:39,43,1500,0.1764
2025-08-01 16:56:47,43,1600,0.1757
2025-08-01 16:56:55,43,1700,0.1755
2025-08-01 16:57:03,43,1800,0.1769
2025-08-01 16:57:11,43,1900,0.1756
2025-08-01 16:57:19,43,2000,0.1783
2025-08-01 16:57:27,43,2100,0.176
2025-08-01 16:57:35,43,2200,0.1761
2025-08-01 16:57:43,43,2300,0.1758
2025-08-01 16:57:51,43,2400,0.1753
2025-08-01 16:57:59,43,2500,0.1759
2025-08-01 16:58:07,44,100,0.1754
2025-08-01 16:58:15,44,200,0.1762
2025-08-01 16:58:23,44,300,0.1756
2025-08-01 16:58:31,44,400,0.1759
2025-08-01 16:58:39,44,500,0.1767
2025-08-01 16:58:47,44,600,0.1754
2025-08-01 16:58:55,44,700,0.1757
2025-08-01 16:59:03,44,800,0.176
2025-08-01 16:59:11,44,900,0.1761
2025-08-01 16:59:19,44,1000,0.1761
2025-08-01 16:59:27,44,1100,0.1758
2025-08-01 16:59:35,44,1200,0.1755
2025-08-01 16:59:42,44,1300,0.1764
2025-08-01 16:59:50,44,1400,0.1766
2025-08-01 16:59:58,44,1500,0.1759
2025-08-01 17:00:06,44,1600,0.1754
2025-08-01 17:00:14,44,1700,0.176
2025-08-01 17:00:22,44,1800,0.1759
2025-08-01 17:00:30,44,1900,0.1754
2025-08-01 17:00:38,44,2000,0.1763
2025-08-01 17:00:46,44,2100,0.176
2025-08-01 17:00:54,44,2200,0.1764
2025-08-01 17:01:02,44,2300,0.1787
2025-08-01 17:01:10,44,2400,0.1762
2025-08-01 17:01:18,44,2500,0.1753
2025-08-01 17:01:26,45,100,0.176
2025-08-01 17:01:34,45,200,0.1754
2025-08-01 17:01:42,45,300,0.1759
2025-08-01 17:01:50,45,400,0.1762
2025-08-01 17:01:58,45,500,0.1757
2025-08-01 17:02:05,45,600,0.1764
2025-08-01 17:02:13,45,700,0.1754
2025-08-01 17:02:21,45,800,0.1759
2025-08-01 17:02:29,45,900,0.1756
2025-08-01 17:02:37,45,1000,0.1753
2025-08-01 17:02:45,45,1100,0.1759
2025-08-01 17:02:53,45,1200,0.1757
2025-08-01 17:03:01,45,1300,0.1762
2025-08-01 17:03:09,45,1400,0.1759
2025-08-01 17:03:17,45,1500,0.1763
2025-08-01 17:03:25,45,1600,0.1758
2025-08-01 17:03:33,45,1700,0.1759
2025-08-01 17:03:41,45,1800,0.1758
2025-08-01 17:03:49,45,1900,0.1754
2025-08-01 17:03:57,45,2000,0.1749
2025-08-01 17:04:05,45,2100,0.1752
2025-08-01 17:04:13,45,2200,0.1753
2025-08-01 17:04:20,45,2300,0.1758
2025-08-01 17:04:28,45,2400,0.175
2025-08-01 17:04:36,45,2500,0.1757
2025-08-01 17:04:44,46,100,0.176
2025-08-01 17:04:52,46,200,0.1757
2025-08-01 17:05:00,46,300,0.1774
2025-08-01 17:05:08,46,400,0.1767
2025-08-01 17:05:16,46,500,0.1755
2025-08-01 17:05:24,46,600,0.1758
2025-08-01 17:05:32,46,700,0.1763
2025-08-01 17:05:40,46,800,0.1759
2025-08-01 17:05:48,46,900,0.1756
2025-08-01 17:05:56,46,1000,0.1755
2025-08-01 17:06:04,46,1100,0.1759
2025-08-01 17:06:12,46,1200,0.1752
2025-08-01 17:06:20,46,1300,0.1758
2025-08-01 17:06:28,46,1400,0.1755
2025-08-01 17:06:36,46,1500,0.1754
2025-08-01 17:06:44,46,1600,0.1756
2025-08-01 17:06:52,46,1700,0.176
2025-08-01 17:07:00,46,1800,0.176
2025-08-01 17:07:07,46,1900,0.1756
2025-08-01 17:07:16,46,2000,0.1755
2025-08-01 17:07:23,46,2100,0.1759
2025-08-01 17:07:31,46,2200,0.1763
2025-08-01 17:07:39,46,2300,0.1752
2025-08-01 17:07:47,46,2400,0.176
2025-08-01 17:07:55,46,2500,0.1757
2025-08-01 17:08:03,47,100,0.1756
2025-08-01 17:08:11,47,200,0.1762
2025-08-01 17:08:19,47,300,0.1756
2025-08-01 17:08:27,47,400,0.1755
2025-08-01 17:08:35,47,500,0.1755
2025-08-01 17:08:43,47,600,0.1764
2025-08-01 17:08:51,47,700,0.176
2025-08-01 17:08:59,47,800,0.1755
2025-08-01 17:09:07,47,900,0.1753
2025-08-01 17:09:15,47,1000,0.1762
2025-08-01 17:09:23,47,1100,0.1771
2025-08-01 17:09:31,47,1200,0.1758
2025-08-01 17:09:39,47,1300,0.1761
2025-08-01 17:09:47,47,1400,0.1758
2025-08-01 17:09:55,47,1500,0.1757
2025-08-01 17:10:03,47,1600,0.1755
2025-08-01 17:10:11,47,1700,0.1758
2025-08-01 17:10:18,47,1800,0.1759
2025-08-01 17:10:26,47,1900,0.176
2025-08-01 17:10:34,47,2000,0.1755
2025-08-01 17:10:42,47,2100,0.1755
2025-08-01 17:10:50,47,2200,0.1756
2025-08-01 17:10:58,47,2300,0.1757
2025-08-01 17:11:06,47,2400,0.1757
2025-08-01 17:11:14,47,2500,0.1758
2025-08-01 17:11:22,48,100,0.1753
2025-08-01 17:11:30,48,200,0.1762
2025-08-01 17:11:38,48,300,0.1758
2025-08-01 17:11:46,48,400,0.1757
2025-08-01 17:11:54,48,500,0.176
2025-08-01 17:12:02,48,600,0.1759
2025-08-01 17:12:10,48,700,0.1755
2025-08-01 17:12:18,48,800,0.1763
2025-08-01 17:12:26,48,900,0.1753
2025-08-01 17:12:34,48,1000,0.1757
2025-08-01 17:12:42,48,1100,0.1763
2025-08-01 17:12:50,48,1200,0.1755
2025-08-01 17:12:58,48,1300,0.1756
2025-08-01 17:13:06,48,1400,0.1764
2025-08-01 17:13:14,48,1500,0.1776
2025-08-01 17:13:22,48,1600,0.1756
2025-08-01 17:13:30,48,1700,0.1759
2025-08-01 17:13:38,48,1800,0.1759
2025-08-01 17:13:45,48,1900,0.1757
2025-08-01 17:13:53,48,2000,0.1756
2025-08-01 17:14:01,48,2100,0.1759
2025-08-01 17:14:09,48,2200,0.1752
2025-08-01 17:14:17,48,2300,0.1753
2025-08-01 17:14:25,48,2400,0.1762
2025-08-01 17:14:33,48,2500,0.1757
2025-08-01 17:14:41,49,100,0.1759
2025-08-01 17:14:49,49,200,0.1757
2025-08-01 17:14:57,49,300,0.1756
2025-08-01 17:15:05,49,400,0.1762
2025-08-01 17:15:13,49,500,0.1754
2025-08-01 17:15:21,49,600,0.1764
2025-08-01 17:15:29,49,700,0.1759
2025-08-01 17:15:37,49,800,0.175
2025-08-01 17:15:45,49,900,0.175
2025-08-01 17:15:53,49,1000,0.1761
2025-08-01 17:16:01,49,1100,0.1753
2025-08-01 17:16:09,49,1200,0.1756
2025-08-01 17:16:17,49,1300,0.1803
2025-08-01 17:16:25,49,1400,0.1756
2025-08-01 17:16:33,49,1500,0.1759
2025-08-01 17:16:41,49,1600,0.1764
2025-08-01 17:16:49,49,1700,0.1765
2025-08-01 17:16:57,49,1800,0.1759
2025-08-01 17:17:05,49,1900,0.1757
2025-08-01 17:17:12,49,2000,0.176
2025-08-01 17:17:20,49,2100,0.1756
2025-08-01 17:17:28,49,2200,0.1758
2025-08-01 17:17:36,49,2300,0.1763
2025-08-01 17:17:44,49,2400,0.1757
2025-08-01 17:17:52,49,2500,0.1749
2025-08-01 17:18:00,50,100,0.1755
2025-08-01 17:18:08,50,200,0.1759
2025-08-01 17:18:16,50,300,0.1755
2025-08-01 17:18:24,50,400,0.1758
2025-08-01 17:18:32,50,500,0.1758
2025-08-01 17:18:40,50,600,0.1758
2025-08-01 17:18:48,50,700,0.1763
2025-08-01 17:18:56,50,800,0.1755
2025-08-01 17:19:04,50,900,0.1753
2025-08-01 17:19:12,50,1000,0.1753
2025-08-01 17:19:20,50,1100,0.176
2025-08-01 17:19:28,50,1200,0.1757
2025-08-01 17:19:36,50,1300,0.1796
2025-08-01 17:19:44,50,1400,0.1756
2025-08-01 17:19:52,50,1500,0.1759
2025-08-01 17:20:00,50,1600,0.1753
2025-08-01 17:20:08,50,1700,0.1751
2025-08-01 17:20:16,50,1800,0.1757
2025-08-01 17:20:24,50,1900,0.1756
2025-08-01 17:20:32,50,2000,0.1756
2025-08-01 17:20:40,50,2100,0.176
2025-08-01 17:20:48,50,2200,0.1756
2025-08-01 17:20:56,50,2300,0.1758
2025-08-01 17:21:04,50,2400,0.1751
2025-08-01 17:21:12,50,2500,0.1755
